INSERT INTO State VALUES
('Arizona'),
('California'),
('Georgia'),
('Indiana'),
('Illinois'),
('Connecticut'),
('Kentucky'),
('Louisiana'),
('Maryland'),
('Massachusetts'),
('Michigan'),
('Minnesota'),
('Nebraska'),
('New Hampshire'),
('New Jersey'),
('New York'),
('North Carolina'),
('Ohio'),
('Pennsylvania'),
('Texas'),
('Virginia'),
('Washington'),
('District of Columbia');


INSERT INTO STEM VALUES
('stem',36),
('non-stem', 12);




INSERT INTO Agency VALUES
('1001','US News','www.usnews.com','1948'),
('1002','Bloomberg Businessweek','www.bloomberg.com/businessweek','1929'),
('1003','TFE times','www.tfetimes.com','2014'),
('1004','Eduniversal','www.best-masters.com','1994');




INSERT INTO University VALUES
	('101','Harvard University', 'Private','Soldiers Field','Cambridge','02138','AACSB','www.harvard.edu','Massachusetts'),
	('102','Stanford University',	'Private',	'450 Serra Mall', 'Stanford','94305','AACSB','www.stanford.edu','California'),
	('103','University of Chicago - Booth	Private',	'5807', 'S Woodlawn Ave','Chicago','60637',	'AACSB','www.chicagobooth.edu',	'Illinois'),
	('104','University of Pennsylvania','Private','3730 Walnut St',	'Philadelphia','19104','AACSB',	'www.upenn.edu','Pennsylvania'),
	('105','Massachusetts Institute of Technology',	'Private',	'77 Massachusetts Ave',	'Cambridge','02139','AACSB','www.web.mit.edu','Massachusetts'),
	('106','Northwestern University',	'Private',	'633 Clark St',	'Evanston',	'60208','AACSB','www.northwestern.edu',	'Illinois'),
	('107','University of California - Berkely','Public','2220 Piedmont Ave',	'Berkeley',	'94720','AACSB','www.berkeley.edu',	'California'),
	('108','Dartmouth College',	'Private',	'100 Tuck Hall','Hanover','03755','AACSB','www.dartmouth.edu', 'New Hampshire'),
	('109','Yale University',	'Private','165 Whitney Ave', 'New Haven','06520','AACSB','www.yale.edu','Connecticut'),
	('110','Columbia University',	'Private','116th St & Broadway','New York',	'10027','AACSB','www.columbia.edu','New York'),
	('111','University of Virginia','Public','100 Darden Blvd','Charlottesville','22903',	'AACSB','www.virginia.edu','Virginia'),
	('112','Duke University','Private','100 Fuqua Drive','Durham','27708','AACSB','www.duke.edu',	'North Carolina'),
	('113','University of Michigan - Ann Arbor',	'Public','500 S State St','Ann Arbor','48109','AACSB','www.umich.edu','Michigan'),
	('114','Cornell University','Private','106 East Ave', 'Ithaca','14850','AACSB','www.cornell.edu','New York'),
	('115','University of California - Los Angeles','Public','110 Westwood Plaza','Los Angeles','90095','AACSB','www.ucla.edu','California'),
	('116','Rice University', 'Private', '6100 Main St','Houston','77005','AACSB','www.rice.edu',	'Texas'),
	('117','Carnegie Mellon University','Private','5000 Forbes Ave','Pittsburgh','15213','AACSB','www.cmu.edu','Pennsylvania'),
	('118', 'University of Texas—​Austin',	'Public','2110 Speedwa','Austin','78705','AACSB','www.utexas.edu/','Texas'),
	('119','University of Minnesota—​Twin Cities', 'Public','321 19th Ave S',	'Minneapolis','55455','AACSB','www.twin-cities.umn.edu/','Minnesota'),
	('120', 'University of Arizona', 'Public', '1130 East Helen Street', 'Tucson','85721','AACSB','www.arizona.edu/','Arizona'),
	('121','New York University',	'Private','44 West 4th Street','New York','10012','AACSB','www.nyu.edu/','New York'),
	('122','University of Maryland—​College Park',	'Public','7621 Mowatt Ln', 'College Park',	'20742','AACSB','www.umd.edu/', 'Maryland'),
	('123','Arizona State University','Public','400 E Lemon St','Tempe','85287','AACSB','www.asu.edu/','Arizona'),
	('124','Georgia Institute of Technology','Public','800 West Peachtree NW','Atlanta','30332','AACSB','www.gatech.edu/','Georgia'),
	('125','Georgia State University','Public','35 Broad St NW','Atlanta','30302','AACSB','www.gsu.edu/','Georgia'),
	('126','Indiana University','Public','1275 E 10th St','Bloomington','47405','AACSB','www.indiana.edu/','Indiana'),
	('127','Temple University','Public','1801 Liacouras Walk','Philadelphia',	'19122','AACSB','www.temple.edu/','Pennsylvania'),
	('128','Creighton University','Private','2500 California Plaza',	'Omaha','68102','NCA',	'www.creighton.edu','Nebraska'),
	('129','Louisiana State University', 'Public','Nicholson Drive Ext','Baton Rouge','70803','SACS','www.lsu.edu','Louisiana'),
	('130','Michigan State University','Pubic','220 Trowbridge Rd',	'East Lansing',	'48824','AACSB','www.msu.edu',	'Michigan'),
	('131','Northern Kentucky University','Public','100 Louie B Nunn Dr',	'Newport',	'41099','SACSCOC','www.nku.edu',	'Kentucky'),
	('132','Rensselaer Polytechnic Institute','Private','110 8th St', 'Troy','12180','AACSB','www.rpi.edu','New York'),
	('133','Southern Methodist University','Private','6214 Bishop Blvd','Dallas','75205','SACSCOC','www.smu.edu','Texas'),
	('134','Stevens Institute of Technology','Private','1 Castle Point Terrace','Hoboken','07030','MSCHE', 'www.stevens.edu','New Jersey'),
	('135','University of Cincinnati','Public','2600 Clifton Ave','Cincinnati','45220','NCA',	'www.uc.edu','Ohio'),
	('136','University of Rochester',	'Private','305 Schlegel Hall','Rochester','14611','MSCHE','www.rochester.edu','New York'),
	('137','University of Southern California','Private','3670 Trousdale Pkwy','Los Angeles','90007','WASC','www.usc.ed','California'),
	('138','University of Texas - Dallas','Public','800 W Campbell Rd','Richardson','75080','SACSCOC','www.utdallas.edu','Texas'),
	('139','Villanova University','Private','800 Lancaster Ave','Villanova','19085','MSCHE','www.villanova.edu','Pennsylvania'),
	('140','Fordham University','Private','33 W. 60th Street','Bronx','10458','AACSB','www.fordham.edu','New York'),
	('141','Purdue University','Public','610 Purdue Mall', 'West Lafayette','47907','AACSB','www.purdue.edu/','Indiana'),
	('142','Texas A&U University', 'Public','400 Bizzell St',	'College Station','77843','AACSB','www.tamu.edu/','Texas'),
	('143','University of Washington', 'Public','PACCAR Hall','Seattle','98195','AACSB',	'www.washington.edu/','Washington'),
	('144','Johns Hopkins University','Private','100 International Drive','Baltimore','21218','MSCHE','www.jhu.edu/','Maryland'),
	('145','George Washington University', 'Private',	'2121 I St NW',	'Washington','20052','AACSB','www.gwu.edu',	'District of Columbia'),
	('146','University of Illinois at Urbana-Champaign','Public',	'206 South Sixth Street','Champaign','61820','AACSB','www.illinois.edu/','Illinois');






INSERT INTO Program VALUES
('001','MSIS','stem'),
('002','MSBA','stem'),
('003','MBA','non-stem');




INSERT INTO ProgramStats VALUES
('101','003',109,7.5,725,61225,24),
('102','003',100,7,732,64050,24),
('103','003',104,7,726,63980,24),
('104','003',null,null,730,64920,24),
('105','003',90,null,null,65446,24),
('106','003',null,null,null,64059,24),
('107','003',90,7,715,53907,24),
('108','003',null,null,718,64200,24),
('109','003',null,null,717,61500,24),
('110','003',null,null,718,65988,24),
('111','003',null,null,null,55518,24),
('112','003',90,7,null,60600,24),
('113','003',84,6.5,null,56590,24),
('114','003',null,7,null,59500,24),
('115','003',87,7,null,50517,24),
('116','003',90,7,null,50400,24),
('117','003',null,null,null,57500,24),
('105','001',null,null,null,65446,24),
('117','001',84,null,686,60000,16),
('118','001',null,null,700,33298,24),
('119','001',105,null,690,36140,24),
('120','001',101,null,655,23562,24),
('121','001',100,null,null,63720,12),
('102','001',110,null,null,64050,15),
('122','001',100,null,null,43470,17),
('104','001',100,null,null,64920,12),
('123','001',97,null,null,25610,12),
('124','001',100,null,675,28896,24),
('125','001',90,null,620,null,12),
('126','001',106,null,null,25500,15),
('127','001',100,null,null,30375,24),
('113','001',100,null,null,56590,24),
('137','002',100,7,null,58674,18),
('121','002',100,7,null,70800,12),
('132','002',88,6.5,648,48100,9),
('136','002',100,7,null,63000,11),
('139','002',null,null,null,39155,20),
('123','002',80,6.5,658,32800,9),
('134','002',null,null,null,32200,12),
('118','002',109,7.5,718,36000,10),
('138','002',100,6.5,600,30855,18),
('130','002',100,7,null,36000,10),
('131','002',79,6.5,450,30200,null),
('129','002',null,null,null,37500,12),
('135','002',95,6.5,null,13559,12),
('128','002',null,null,null,33825,12),
('133','002',100,null,null,41850,9),
('140','002',90,7,null,40560,12),
('107','001',110,null,null,35657,24),
('141','001',103,null,640,44836,24),
('142','001',100,null,671,44000,10),
('143','001',92,null,null,34412,12),
('138','001',80,null,600,null,24),
('144','001',100,null,661,64000,12),
('145','001',100,null,null,52800,24),
('146','001',97,null,null,45630,24),
('130','001',100,null,550,null,12),
('136','001',106,null,650,46000,24);






INSERT INTO Rank VALUES
('1001','101','003',1,2016),
('1001','102','003',2,2016),
('1001','103','003',2,2016),
('1001','104','003',4,2016),
('1001','105','003',5,2016),
('1001','106','003',5,2016),
('1001','107','003',7,2016),
('1001','108','003',8,2016),
('1001','109','003',8,2016),
('1001','110','003',10,2016),
('1001','111','003',11,2016),
('1001','112','003',12,2016),
('1001','113','003',12,2016),
('1001','114','003',14,2016),
('1001','115','003',15,2016),
('1002','101','003',1,2016),
('1002','102','003',2,2016),
('1002','112','003',3,2016),
('1002','103','003',4,2016),
('1002','108','003',5,2016),
('1002','104','003',6,2016),
('1002','105','003',7,2016),
('1002','116','003',8,2016),
('1002','106','003',9,2016),
('1002','107','003',10,2016),
('1002','110','003',11,2016),
('1002','111','003',12,2016),
('1002','113','003',13,2016),
('1002','109','003',14,2016),
('1002','117','003',15,2016),
('1001','105','001',1,2016),
('1001','117','001',2,2016),
('1001','118','001',3,2016),
('1001','119','001',4,2016),
('1001','120','001',5,2016),
('1001','121','001',6,2016),
('1001','102','001',7,2016),
('1001','122','001',8,2016),
('1001','104','001',9,2016),
('1001','123','001',10,2016),
('1001','124','001',11,2016),
('1001','125','001',12,2016),
('1001','126','001',13,2016),
('1001','127','001',14,2016),
('1001','113','001',15,2016),
('1003','137','002',1,2017),
('1003','121','002',2,2017),
('1003','132','002',3,2017),
('1003','136','002',4,2017),
('1003','139','002',5,2017),
('1003','123','002',6,2017),
('1003','134','002',7,2017),
('1003','118','002',8,2017),
('1003','138','002',9,2017),
('1003','130','002',10,2017),
('1003','131','002',11,2017),
('1003','129','002',12,2017),
('1003','135','002',13,2017),
('1003','128','002',14,2017),
('1003','133','002',15,2017),
('1003','137','002',1,2016),
('1003','121','002',2,2016),
('1003','132','002',3,2016),
('1003','136','002',4,2016),
('1003','118','002',5,2016),
('1003','123','002',6,2016),
('1003','138','002',7,2016),
('1003','139','002',8,2016),
('1003','134','002',9,2016),
('1003','130','002',10,2016),
('1003','131','002',11,2016),
('1003','129','002',12,2016),
('1003','135','002',13,2016),
('1003','128','002',14,2016),
('1003','140','002',15,2016),
('1004','107','001',1,2015),
('1004','117','001',2,2015),
('1004','141','001',3,2015),
('1004','142','001',4,2015),
('1004','123','001',5,2015),
('1004','143','001',6,2015),
('1004','126','001',7,2015),
('1004','138','001',8,2015),
('1004','144','001',9,2015),
('1004','145','001',10,2015),
('1004','146','001',11,2015),
('1004','122','001',12,2015),
('1004','119','001',13,2015),
('1004','130','001',14,2015),
('1004','136','001',15,2015);
